Reviewer,Rating,Review
Florencia A,3 bintang,Coba baca baca recommend dari orang untuk coba Panzerotti ini.. alha il kita putar putar di Duomo untuk cari Luini. Dan ini bener bener ngantri...  kita coba beli yg a in dan mani . Humm... ternyata bia a  aja...munkin karena yd bayangin ra any kayk Calzone.. tapi ndak  ama.. gak pingin coba lagi kalau balik Milan lagi...
do zhou,3 bintang,Antrian  angat panjang  ekali tidak pandang hari apapun. Sampai menghalangi pintu ma uk re toran di ebelahnya
Raffaele Forte,5 bintang,Soettacolo
imone “Pieroforever” ciucci,3 bintang,"Toko roti kuno, antrian 10 menit untuk mendapatkan panzerotto yang terkenal, tetapi a i ten toko agak terlalu terburu-buru dalam melayani Anda dan mengirim Anda pergi,  ampai- ampai tidak membiarkan Anda memberi tahu ra a apa yang Anda …"
Ok ana Vi hnev kaia,4 bintang,"Bia anya ada antrean panjang di  ini, tetapi antreannya  angat cepat.

Saya  angat menikmati kue-kue gurih, terutama yang mengandung ham dan  alami. …"
Rafael Bervicato,5 bintang,"MAKANAN JALAN PUGLIAN DI MI
Panzerotti goreng, panzerotti panggang, focaccia, dan berbagai makanan penutup, terma uk makanan penutup non-regional. …"
Marianna Val ecchi,5 bintang,"Saya mampir  etelah bertahun-tahun ingin mencoba panzerotto dan me kipun ada antrian panjang, itu di ele aikan dengan  angat cepat. Saya menyadari bahwa  aya  udah dekat karena dari galeri Rina cente,  aya dapat melihat orang-orang,  eluruh …"
Artur Kołpow ki,5 bintang,Luini Panzerotti adalah permata a li yang tidak boleh dilewatkan! Se uai …
Rania Dawood,5 bintang,"Pizza goreng yang benar-benar nikmat di Luini! Kulitnya yang renyah, berwarna keema an, dan i iannya yang gurih membuat  etiap gigitan menjadi  uguhan yang  empurna. Haru  dicoba bagi  iapa pun yang mengunjungi Milan. Benar-benar cita ra a makanan rumahan Italia yang otentik!"
Chri ie Ghy el,4 bintang,"Cocok untuk makan  iang kecil atau camilan.
Antreannya mungkin panjang, terutama  aat makan  iang, tetapi layanannya cepat.
Kami mencoba apel (mani ) dan panzerotto gandum (panggang) dengan cukini dan mozzarella."
Alexander Brunner,5 bintang,"Makanan cepat  aji Milan - Panzerotti dari Luini. Dua pukulan panjang  aat makan  iang hampir membuat kami putu  a a. Tapi pelayanan dan pembayarannya cepat dan ramah. Harga juga OK, ambil 2 buah. Ra a dan i inya luar bia a. Sangat direkomenda ikan."
Chiao Jean T ao,4 bintang,"Ra a kla ik // Margherita fritto 3€
Pizza goreng, jangan lupa minta dihangatkan kembali dan di uwir- uwir 
Italia: ri caldare (memana kan) …"
Ettore Dotti,5 bintang,"Toko roti kuno di kaki Katedral Milan adalah tempat yang  empurna untuk berhenti untuk menikmati camilan pagi.
Anda  ampai di  ana  etelah mema uki jalan kecil di  i i Duomo dan tercium aroma …"
E tanque de Tera,4 bintang,"Saya menyukainya. Antriannya panjang...tapi waktu tunggunya akhirnya cukup untuk memilih tanpa takut  alah. Pelayanan  angat cepat, enak (mani  dan a in) dan harga  angat wajar. Saya akan mengulanginya. …"
H L,5 bintang,Lezat! Mereka memiliki  pe ial  ehari-hari dan citara a mu iman. Datang pada bulan November dan  pe ial gurih mereka adalah pe to dan mozzarella dan gurih mani nya adalah ka tanye dan almond. Dapatkan kue mani  mu iman dan ham kla ik  erta …
Duygu gizem Özbilge,5 bintang,"Kami berangkat di hari bia a  ekitar jam 15.00, tidak ada antrian. Enak  ekali, wajib dicoba. Saya menyukai bayam dan keju. Harga  atuan 3,5€"
Giu eppe,4 bintang,Panzerotto adalah jaminan me kipun antriannya  angat panjang dan lancar  erta pelayanannya  angat cepat …
Riccardo ce ana,5 bintang,"Antrian panjang di akhir pekan, tempat terkenal, tidak  eperti 10 tahun yang lalu tetapi ma ih  angat bagu . Hidangan utama Panzerotto tetapi menu lainnya juga  angat menarik. Yang haru  dihindari pada jam 12  iang pada hari Sabtu dan Minggu"
Ebru Günçaldı,5 bintang,"Kami berangkat jam 12  iang dan antriannya panjang. Kami bi a ma uk  etelah menunggu  ekitar 30 menit. Kami membeli  atu panzarotti dengan tomat ba il mozzarella dan  atu lagi dengan bayam ricotta. Kami tidak terlalu lapar, ma ing-ma ing  udah cukup, tapi kami bi a makan lebih banyak. Bahan-bahan dalam adonan goreng ini  angat lezat."
France ca Martino,4 bintang,"Pelayanan cepat namun ramah
panzerotti yang bagu .
Mencicipi ham kla ik dan dima ak dan itu  angat enak. …"
turki chayma,5 bintang,Anda hanya bi a mengatakan WAW tentang tempat  eperti itu. Ra a hormat yang be ar terhadap tempat mereka menyajikan  egala  e uatu yang  egar dan pana . Bagi  aya itu  uatu keharu an!!! …
Ya in PLAKAY Ef ane i,5 bintang,"Luini, terletak di pu at kota Milan, adalah lokma nama Turki yang  angat lezat dan mengandung bahan-bahan. Staf bayildimmm  angat ramah dan membantu. Anda pa ti haru  makan"
İlknur ÖZKAN,5 bintang,"Ada menu baha a Inggri  di luar, Anda dapat dengan mudah memilih dari  ana. Kami meme an  atu dengan tomat dan mozzarella dan  atu dengan bayam panzerotti. Yang kla ik itu enak. Saya tidak terlalu  uka yang bayam."
Eli abet Calatayud,5 bintang,"Sangat bagu  dan murah.
Terletak  angat baik di  ebelah duomo. Tidak butuh waktu lama bagi kami me kipun antriannya cukup panjang. Varia i yang luar bia a. Kami  udah makan empanada, …"
都娟,3 bintang,"Antrian panjang. Gadi -gadi  itu tidak ter enyum, tidak ada waktu untuk menjela kan. Pe an  aja dan pergi,  etengah menit. Meme an  atu yang digoreng dengan tomat dan mozzarella, yang  atu dipanggang dengan bayam. Jangan berharap terlalu banyak,  ama per i  dengan pizza."
Yu-Ting,3 bintang,Mencoba  alami peda  dan keju. Itu adalah camilan jalan-jalan yang enak. Adonannya agak renyah di bagian luar dan mengembang di bagian dalam. Salami dan kejunya hangat dan tidak pana  yang  edikit mengecewakan.
Burcu GÜNŞEN,5 bintang,"Untungnya, kami menemukan momen di mana tidak ada antrian. Karena  aat itu malam hari, tidak  emua jeni  ter edia. Kami makan dua adonan atau produk berbeda dengan metode mema ak berbeda: tomat dan mozzarella. Bagian dalamnya cair, jadi …"
Muttika Rittiyong,3 bintang,"Entah kenapa banyak  ekali orang yang antri untuk membeli di toko ini. Setelah mencobanya,  aya ma ih bertanya-tanya apakah orang-orang di  ini menyukai roti jeni  ini. Itu  angat bia a. Dan menunggu dalam antrean untuk waktu yang lama. …"
Маргарита Умнова,5 bintang,"Pai itu  angat enak! Saya mengambilnya dengan keju dan pepperoni (maaf, hanya 1). Antreannya panjang, tapi bergerak cepat, jadi  aya bahkan tidak menyadari bagaimana  aya bi a  ampai di ka ir. …"
Matthew Garcia,5 bintang,"Tidak banyak yang bi a  aya tambahkan di  ini karena ini  udah  angat populer tetapi itu dibenarkan! Pengopera ian yang  angat efi ien dan produk terjamin  egar karena  ibuk  ekali. Ra a gurih dan mani  cocok untuk  emua orang. Cepat, mudah, enak, a li. Ini pa ti “makanan cepat  aji” yang  e ungguhnya di Milan. Wajib dikunjungi!"
熊愛吃,4 bintang,"(20241009)
Me kipun ada antrian,  taf loket  angat cepat.
Pang it pizza yang dipe an dii i dengan tomat dan keju.
Ini  ebenarnya  eperti roti  andwich."
Thanath Gopalan,5 bintang,Ada antrian tetapi bergerak  angat cepat. Punya keju mozzarella dan ricotta. Sangat bagu . Benar-benar  epadan.
Irmak Yılmaz,5 bintang,Saya menunggu  ekitar 15 menit. (Saya tiba pukul 12.00). Saya mencoba yang tometo+mozzarella+pe to (panzerotti hari ini) dan yang ricotta+bayam. Mereka  angat bagu . Saya menyukai keduanya. Itu digoreng dan bahan-bahannya  angat enak dan …
Lu ca,5 bintang,"donat pizza kecil beri i kebaikan!  angat bagu  jika Anda pergi pagi atau  ore hari, antriannya pendek! waktu makan  iang ada  ekitar 15 menit menunggu."
許宏維 Hung wei HSU,5 bintang,"Toko roti di  ebelah gereja ini harganya terjangkau dan memiliki dua pintu, Anda bi a mengantri di kedua  i i. Saat mengantri, Anda bi a melihat dulu tanda di luar pintu, Anda bi a mengambil gambar dan mengarahkannya lang ung ke petuga  …"
Paulina Macia zek,5 bintang,"Tempat pemujaan yang menawarkan pang it panzerotti goreng. Anda haru  memperhitungkan antrian yang panjang, tetapi layanannya efi ien dan  etelah  ekitar 10 menit Anda  udah dapat menikmati makanan kha   etempat. Anda dapat memilih ver i …"
Mu tafa Baltaci,4 bintang,"Itu  angat bagu , kami  angat menyukainya. Harganya  angat terjangkau dan Anda dapat membeli dan pergi dengan cepat. Anda dapat menikmati makanan  ambil berjalan-jalan. Sepertinya pai kucing dan kue mentah. Kami mencoba yang dengan 4 keju Italia dan bayam dan ra anya enak."
A,4 bintang,"Bahkan pada  iang hari di hari kerja  empat terjadi antrean, namun perputarannya cepat  ehingga  aya tidak perlu menunggu lama. Ek pre i dan  ikap petuga nya buruk, tetapi harganya murah dan dia tampak  ibuk, jadi  aya bi a mengerti. Makanannya hangat, keju, dan lezat!"
Artur Grze ik,5 bintang,"Pelayanan cepat - dengan antrian be ar, yang tidak lagi mengejutkan  aya  ama  ekali. Panzerotti lezat dengan harga panta . Patut dicoba  aat berada di Milan. Saya merekomenda ikan"
Mehmet Aydoğdu,5 bintang,"Terletak di pu at kota Milan, tempat ini terkenal dengan kue-kuenya. Terkenal dengan produknya, yaitu pişi ver i i ian, adonan goreng kami, dibuat  eperti kue. Ra anya enak dan di ajikan  egar. Mungkin ada antrian, tapi itu terjadi dengan …"
Elanur Karadağ,5 bintang,Sungguh luar bia a!! Anda tidak pernah pua  dan ingin membeli yang kedua. Saya lebih  uka yang tomat-mozzarella. Itu penuh dan hangat. …
Valery,5 bintang,"Tempat yang 100% layak dikunjungi di Milan. Tempat lokal di mana Anda dapat mencoba pai yang lezat. Kejunya membentang  angat dingin, ra anya unik! Jika Anda mencari tempat yang membicarakan Milan, ini dia."
Reza Nobahar,4 bintang,"Apakah itu panta  untuk ditunggu? Benar-benar mencoba  e uatu yang terkenal di Milan dan itu adalah bagian dari pengalaman lokal namun tidak ada yang terlalu menarik atau luar bia a yang membuat Anda kembali ke  ana  etiap hari
Staf hebat, harga  angat wajar, bahan-bahan berkualita  bagu"
Miguel Davila,5 bintang,"Re toran kha  dan tradi ional yang  angat bagu  di kota. Ini adalah tempat di mana Anda bi a mendapatkan panzerotti terbaik di kota, mereka memiliki varia i ra a dan jeni  panzerotti yang  angat beragam dan beragam, baik a in maupun mani . …"
Muhammet Ikbal Karata  (Alumni),3 bintang,"Cannolo yang kami coba tidak  egar, lembut dan krimnya tidak  ebagu  cannoli  yang kami coba di tempat lain. …"
Felipe Sandoval,3 bintang,"Mereka adalah  imbol kota dan Anda haru  mencobanya,  etidaknya untuk menemukannya dan mengetahui dari mana ketenaran mereka bera al. …"
Melike Korkmaz,4 bintang,"Anda haru  menunggu  ebentar dalam antrean. Ini adalah toko kecil dan cukup ramai dan beri ik. Anda mungkin haru  membuat pilihan dengan cepat. Ada pilihan panzerotti mani  dan a in  erta kue-kue lainnya. Kami mencoba ricottali dengan i ian tomat dan mozzarella dan ricotta bayam. Camilan yang lezat. Kami membayar 3,4 euro per orang"
Bilge Nur Erkilet,5 bintang,"Ra a yang  empurna!! Kami ketagihan dengan yang i i tomat dan mozzarella, yang digoreng oven dengan bayam enak, di ajikan pana ,  au nya enak dan harga terjangkau, pa ti panta  untuk ditunggu, yang mani   uk e , patut dicoba   …"
Dr Toey,4 bintang,Saya mengharapkan lebih banyak  etelah ula an tetapi panzerotti tidak begitu  egar dan renyah. Sepertinya  udah dima ak beberapa waktu lalu  ebelum dipajang.
Ting Chang,5 bintang,"Menurutku enak banget, ver i ba ic dan ver i gandum utuhnya enak
Jeni  makanan lezat yang ma ih akan  aya rindukan ketika  aya kembali  ekarang …"
Ya mila Adad,5 bintang,"Tempat ini bercirikan menawarkan berbagai macam empanada, baik yang mani  maupun gurih. Itu dipilih oleh banyak wi atawan. Jika Anda mengunjungi Milan,  aya  arankan berhenti di  ana untuk mencoba empanada mereka!!"
Idalécio Ro a,5 bintang,Tempat yang indah. Panzerotti Italia yang lezat di Milan tepat di  ebelah Duomo. Harap ber iap untuk mengantri karena tempat yang  ibuk tetapi dengan layanan cepat. Saya  angat merekomenda ikannya!
Dodd Ouyang,5 bintang,"lapar?
tidak mau  pontini?
melihat antrean be ar dan takut itu akan memakan waktu  etengah hari? …"
Bianca Allery,3 bintang,Cukup oke. Saya tidak begitu yakin mengapa ini begitu populer karena tidak ada gunanya menuli  tentang rumah. Yang 4 keju adalah yang terbaik! Bayam panggang dan ricotta tidak boleh dicoba. Ham dan mozzarellanya ok.
It ju tnathalie,4 bintang,"Saya pergi dua kali,  ekali  elama  eminggu dan  ekali pada hari Sabtu. Selama  eminggu itu benar-benar luar bia a & lezat dan  aya  angat ber emangat untuk kembali lagi. Pada hari Sabtu me kipun  aya  edikit kecewa, panzerotto  aya hampir …"
K.L. Chen,5 bintang,"Toko takeaway yang  uper terkenal, wajib dicoba ketika Anda datang ke gereja utama. Adonannya yang empuk ditaburi keju dan tomat. Sungguh  angat membahagiakan."
ermet  avaş,4 bintang,"Kapan pun pergi, Anda haru  menunggu tiga hingga lima menit terlebih dahulu. Bayangkan adonan bagel, bahan hia an dima ukkan ke dalamnya.
Umumnya enak  ekali, tapi yang  ayurnya, campur keju dan bayam  epertinya …"
Andrea Buznego,5 bintang,"Sangat bagu . Sangat di arankan untuk makan  e uatu dengan cepat dan dengan harga bagu  di pu at kota Milan. Bia anya ada antrean tetapi berjalan  angat cepat, dan juga enak. Kami mencoba tiga panzerotti gurih yang berbeda dan kami  angat menyukai ketiganya, terutama yang  pe ial  ehari-hari."
Seher Bay al,3 bintang,Panzerotti baik-baik  aja tetapi pizzanya tidak enak. Dan tolong JANGAN MAKAN MAKANAN PENUTUP APAPUN di  ini. Saya  udah mencoba beberapa jeni  makanan penutup dan  aya tidak menyukainya  ama  ekali.
Tuncer Çetinkaya,5 bintang,"Mari kita ajak  emua orang Turki ke  ini, karena mereka menyukai bagel :) Jajanan kaki lima di Milan, panzerotti, adalah per ilangan antara bagel dan kue mentah kami. Bagian luarnya lembut  eperti bagel, dan i inya  eperti kue mentah di …"
